{"stats":{"minecraft:killed":{"minecraft:zombie_villager":4,"graveyard:corrupted_vindicator":1,"graveyard:revenant":1,"graveyard:wraith":1},"minecraft:used":{"graveyard:altar_side":1,"minecraft:gray_terracotta":31,"graveyard:bone_remains":1,"minecraft:mossy_stone_bricks":71,"minecraft:iron_bars":206,"cgm:shotgun":79,"graveyard:corrupted_vindicator_spawn_egg":4,"minecraft:grass_block":6,"cgm:pistol":23,"minecraft:redstone":13,"graveyard:nightmare_spawn_egg":1,"minecraft:quartz_block":3,"minecraft:chest":10,"graveyard:skeleton_creeper_spawn_egg":3,"graveyard:acolyte_spawn_egg":1,"minecraft:golden_apple":2,"graveyard:reaper_spawn_egg":3,"graveyard:dark_iron_bars":134,"graveyard:dark_iron_door":3,"graveyard:ossuary":1,"graveyard:corrupted_pillager_spawn_egg":1,"graveyard:lying_skeleton":1,"graveyard:leaning_skeleton":1,"minecraft:torch":1,"graveyard:wraith_spawn_egg":4,"graveyard:revenant_spawn_egg":24,"graveyard:mossy_cobblestone_gravestone":3,"cgm:workbench":3,"minecraft:tnt":1,"graveyard:nameless_hanged_spawn_egg":2,"minecraft:white_bed":4,"minecraft:trapped_chest":3,"graveyard:lich_spawn_egg":1,"minecraft:light_gray_terracotta":11,"minecraft:smooth_stone_slab":15,"cgm:rifle":20,"graveyard:hanged_wither_skeleton":3,"graveyard:hanged_skeleton":3},"minecraft:custom":{"minecraft:time_since_rest":68722,"minecraft:sprint_one_cm":37786,"minecraft:damage_taken":262,"minecraft:walk_one_cm":151294,"minecraft:trigger_trapped_chest":5,"minecraft:mob_kills":7,"minecraft:drop":11,"minecraft:damage_dealt":88,"minecraft:fly_one_cm":116270,"minecraft:open_chest":37,"minecraft:crouch_one_cm":2288,"minecraft:play_time":79383,"minecraft:deaths":3,"minecraft:sneak_time":1252,"minecraft:jump":171,"minecraft:leave_game":3,"minecraft:time_since_death":68722,"minecraft:total_world_time":79383,"minecraft:climb_one_cm":1424,"minecraft:fall_one_cm":2161},"minecraft:dropped":{"cgm:rifle":1,"cgm:pistol":1,"graveyard:wraith_spawn_egg":1,"minecraft:smooth_stone_slab":1,"graveyard:revenant_spawn_egg":1,"graveyard:corrupted_pillager_spawn_egg":1,"minecraft:lantern":1,"graveyard:lich_spawn_egg":2,"firstaid:plaster":1,"minecraft:grass_block":1,"graveyard:bone_remains":1},"minecraft:picked_up":{"firstaid:plaster":21,"cgm:basic_bullet":53,"cgm:rifle":1,"cgm:missile":64,"firstaid:morphine":16,"minecraft:grass_block":1,"minecraft:redstone":1,"minecraft:trapped_chest":2,"minecraft:lantern":1,"cgm:grenade":13,"cgm:shell":63,"cgm:pistol":1,"graveyard:purple_bone_staff":1,"cgm:assault_rifle":1,"cgm:mini_gun":1,"graveyard:bone_remains":1,"graveyard:corrupted_pillager_spawn_egg":1,"minecraft:golden_apple":2,"graveyard:revenant_spawn_egg":1,"firstaid:bandage":16,"cgm:bazooka":1},"minecraft:killed_by":{"graveyard:revenant":1,"minecraft:skeleton":1}},"DataVersion":2975}