{"stats":{"minecraft:killed":{"graveyard:ghoul":3,"minecraft:zombie_villager":7,"graveyard:nightmare":1,"graveyard:corrupted_vindicator":1,"graveyard:revenant":2,"graveyard:wraith":1,"minecraft:skeleton":1,"minecraft:zombie":22,"minecraft:silverfish":17},"minecraft:used":{"graveyard:altar_side":1,"minecraft:mossy_stone_bricks":72,"graveyard:bone_remains":1,"minecraft:iron_bars":212,"cgm:pistol":152,"minecraft:redstone":13,"minecraft:chest":17,"minecraft:iron_sword":13,"graveyard:reaper_spawn_egg":3,"graveyard:dark_iron_bars":134,"graveyard:corrupted_pillager_spawn_egg":1,"graveyard:ossuary":1,"minecraft:iron_chestplate":1,"graveyard:wraith_spawn_egg":4,"minecraft:torch":1,"minecraft:golden_apple":15,"cgm:workbench":3,"minecraft:tnt":1,"graveyard:nameless_hanged_spawn_egg":2,"minecraft:light_gray_terracotta":11,"minecraft:white_bed":10,"cgm:rifle":20,"graveyard:hanged_wither_skeleton":3,"minecraft:milk_bucket":1,"graveyard:hanged_skeleton":7,"minecraft:gray_terracotta":33,"cgm:shotgun":204,"minecraft:grass_block":6,"graveyard:corrupted_vindicator_spawn_egg":4,"minecraft:bread":18,"minecraft:quartz_block":3,"graveyard:nightmare_spawn_egg":1,"graveyard:skeleton_creeper_spawn_egg":3,"graveyard:acolyte_spawn_egg":1,"graveyard:fire_brazier":2,"minecraft:stone_bricks":76,"graveyard:leaning_skeleton":4,"graveyard:dark_iron_door":5,"graveyard:revenant_spawn_egg":24,"graveyard:lying_skeleton":7,"graveyard:mossy_cobblestone_gravestone":3,"graveyard:lich_spawn_egg":1,"minecraft:smooth_stone_slab":15,"minecraft:trapped_chest":3,"minecraft:splash_potion":4},"minecraft:mined":{"minecraft:chest":2,"graveyard:leaning_skeleton":1},"minecraft:custom":{"minecraft:mob_kills":56,"minecraft:leave_game":3,"minecraft:time_since_death":116722,"minecraft:sleep_in_bed":1,"minecraft:climb_one_cm":1800,"minecraft:time_since_rest":17436,"minecraft:sprint_one_cm":61731,"minecraft:damage_taken":2359,"minecraft:walk_one_cm":351796,"minecraft:trigger_trapped_chest":5,"minecraft:drop":88,"minecraft:damage_dealt":519,"minecraft:fly_one_cm":144666,"minecraft:open_chest":54,"minecraft:crouch_one_cm":3635,"minecraft:play_time":127383,"minecraft:deaths":3,"minecraft:sneak_time":1766,"minecraft:jump":362,"minecraft:total_world_time":127383,"minecraft:fall_one_cm":5278},"minecraft:dropped":{"cgm:rifle":1,"minecraft:bread":64,"cgm:pistol":3,"walkietalkie:iron_walkietalkie":1,"graveyard:wraith_spawn_egg":1,"cgm:shotgun":3,"minecraft:smooth_stone_slab":1,"graveyard:corrupted_pillager_spawn_egg":1,"minecraft:iron_helmet":1,"minecraft:iron_boots":2,"minecraft:lantern":1,"graveyard:lich_spawn_egg":2,"minecraft:white_bed":4,"minecraft:grass_block":1,"minecraft:golden_apple":36,"firstaid:bandage":29,"minecraft:gray_terracotta":1,"cgm:basic_bullet":207,"minecraft:iron_chestplate":2,"graveyard:revenant_spawn_egg":1,"minecraft:lingering_potion":1,"minecraft:mossy_stone_bricks":1,"minecraft:chest":4,"firstaid:plaster":1,"minecraft:splash_potion":6,"graveyard:bone_remains":1,"cgm:shell":209,"walkietalkie:wooden_walkietalkie":1},"minecraft:picked_up":{"minecraft:iron_chestplate":1,"cgm:basic_bullet":212,"minecraft:splash_potion":3,"cgm:missile":64,"firstaid:morphine":16,"minecraft:lantern":1,"cgm:grenade":13,"cgm:shotgun":1,"graveyard:corruption":3,"minecraft:gray_terracotta":8,"cgm:mini_gun":1,"graveyard:bone_remains":1,"graveyard:corrupted_pillager_spawn_egg":1,"minecraft:mossy_stone_bricks":2,"minecraft:chest":1,"cgm:bazooka":1,"minecraft:iron_sword":1,"walkietalkie:wooden_walkietalkie":1,"firstaid:plaster":21,"cgm:rifle":1,"walkietalkie:iron_walkietalkie":1,"minecraft:white_bed":2,"minecraft:grass_block":1,"minecraft:redstone":1,"minecraft:trapped_chest":2,"cgm:shell":227,"cgm:pistol":3,"minecraft:rotten_flesh":7,"graveyard:purple_bone_staff":1,"minecraft:lever":1,"cgm:assault_rifle":1,"minecraft:golden_apple":4,"graveyard:revenant_spawn_egg":1,"minecraft:bread":7,"firstaid:bandage":32},"minecraft:killed_by":{"minecraft:skeleton":1,"graveyard:revenant":1}},"DataVersion":2975}