{"stats":{"minecraft:dropped":{"graveyard:lich_spawn_egg":2},"minecraft:used":{"minecraft:gray_terracotta":27,"graveyard:wraith_spawn_egg":1,"minecraft:torch":1,"graveyard:revenant_spawn_egg":11,"graveyard:nameless_hanged_spawn_egg":2,"minecraft:light_gray_terracotta":11,"minecraft:white_bed":4,"minecraft:trapped_chest":1,"minecraft:chest":4,"graveyard:skeleton_creeper_spawn_egg":3,"graveyard:acolyte_spawn_egg":1,"graveyard:reaper_spawn_egg":2},"minecraft:picked_up":{"minecraft:trapped_chest":2},"minecraft:killed_by":{"minecraft:skeleton":1,"graveyard:revenant":1},"minecraft:custom":{"minecraft:time_since_rest":17032,"minecraft:crouch_one_cm":190,"minecraft:walk_one_cm":40457,"minecraft:play_time":27693,"minecraft:sprint_one_cm":18106,"minecraft:damage_taken":262,"minecraft:deaths":3,"minecraft:sneak_time":199,"minecraft:trigger_trapped_chest":3,"minecraft:drop":1,"minecraft:jump":80,"minecraft:leave_game":1,"minecraft:time_since_death":17032,"minecraft:total_world_time":27693,"minecraft:climb_one_cm":1417,"minecraft:fall_one_cm":2161,"minecraft:fly_one_cm":46713}},"DataVersion":2975}