{"stats":{"minecraft:dropped":{"graveyard:lich_spawn_egg":2,"graveyard:bone_remains":1},"minecraft:used":{"graveyard:hanged_skeleton":3,"minecraft:gray_terracotta":30,"graveyard:bone_remains":1,"cgm:shotgun":3,"cgm:pistol":8,"minecraft:chest":7,"graveyard:skeleton_creeper_spawn_egg":3,"graveyard:acolyte_spawn_egg":1,"graveyard:reaper_spawn_egg":2,"graveyard:dark_iron_bars":127,"graveyard:leaning_skeleton":1,"graveyard:revenant_spawn_egg":11,"graveyard:wraith_spawn_egg":1,"minecraft:torch":1,"graveyard:lying_skeleton":1,"graveyard:nameless_hanged_spawn_egg":2,"minecraft:light_gray_terracotta":11,"minecraft:white_bed":4,"minecraft:trapped_chest":1,"cgm:rifle":3,"graveyard:hanged_wither_skeleton":3},"minecraft:killed_by":{"graveyard:revenant":1,"minecraft:skeleton":1},"minecraft:picked_up":{"firstaid:plaster":5,"cgm:basic_bullet":2,"minecraft:trapped_chest":2,"graveyard:bone_remains":1},"minecraft:killed":{"graveyard:revenant":1},"minecraft:custom":{"minecraft:time_since_rest":29032,"minecraft:sprint_one_cm":22075,"minecraft:damage_taken":262,"minecraft:walk_one_cm":69277,"minecraft:trigger_trapped_chest":3,"minecraft:mob_kills":2,"minecraft:drop":2,"minecraft:damage_dealt":80,"minecraft:fly_one_cm":64513,"minecraft:open_chest":18,"minecraft:crouch_one_cm":629,"minecraft:play_time":39693,"minecraft:deaths":3,"minecraft:sneak_time":418,"minecraft:jump":96,"minecraft:leave_game":1,"minecraft:time_since_death":29032,"minecraft:climb_one_cm":1417,"minecraft:total_world_time":39693,"minecraft:fall_one_cm":2161}},"DataVersion":2975}