{"stats":{"minecraft:used":{"minecraft:trapped_chest":1,"minecraft:light_gray_terracotta":4,"minecraft:torch":1},"minecraft:picked_up":{"minecraft:trapped_chest":2},"minecraft:killed_by":{"minecraft:skeleton":1,"graveyard:revenant":1},"minecraft:custom":{"minecraft:jump":57,"minecraft:time_since_rest":5032,"minecraft:sprint_one_cm":8064,"minecraft:deaths":3,"minecraft:leave_game":1,"minecraft:play_time":15693,"minecraft:damage_taken":262,"minecraft:time_since_death":5032,"minecraft:walk_one_cm":10495,"minecraft:trigger_trapped_chest":1,"minecraft:sneak_time":108,"minecraft:climb_one_cm":580,"minecraft:total_world_time":15693,"minecraft:fall_one_cm":2161,"minecraft:fly_one_cm":23606}},"DataVersion":2975}