{"stats":{"minecraft:killed":{"minecraft:zombie_villager":4,"graveyard:corrupted_vindicator":1,"graveyard:revenant":1,"graveyard:wraith":1,"minecraft:silverfish":9},"minecraft:used":{"graveyard:altar_side":1,"minecraft:mossy_stone_bricks":71,"graveyard:bone_remains":1,"minecraft:iron_bars":206,"cgm:pistol":56,"minecraft:redstone":13,"minecraft:chest":10,"graveyard:reaper_spawn_egg":3,"graveyard:dark_iron_bars":134,"graveyard:corrupted_pillager_spawn_egg":1,"graveyard:ossuary":1,"minecraft:iron_chestplate":1,"graveyard:wraith_spawn_egg":4,"minecraft:torch":1,"minecraft:golden_apple":3,"cgm:workbench":3,"minecraft:tnt":1,"graveyard:nameless_hanged_spawn_egg":2,"minecraft:light_gray_terracotta":11,"minecraft:white_bed":6,"cgm:rifle":20,"graveyard:hanged_wither_skeleton":3,"graveyard:hanged_skeleton":3,"minecraft:gray_terracotta":31,"cgm:shotgun":111,"minecraft:grass_block":6,"graveyard:corrupted_vindicator_spawn_egg":4,"minecraft:bread":5,"minecraft:quartz_block":3,"graveyard:nightmare_spawn_egg":1,"graveyard:skeleton_creeper_spawn_egg":3,"graveyard:acolyte_spawn_egg":1,"graveyard:leaning_skeleton":1,"graveyard:dark_iron_door":3,"graveyard:revenant_spawn_egg":24,"graveyard:lying_skeleton":1,"graveyard:mossy_cobblestone_gravestone":3,"graveyard:lich_spawn_egg":1,"minecraft:smooth_stone_slab":15,"minecraft:trapped_chest":3},"minecraft:mined":{"minecraft:chest":1},"minecraft:custom":{"minecraft:mob_kills":16,"minecraft:leave_game":3,"minecraft:time_since_death":80722,"minecraft:climb_one_cm":1800,"minecraft:time_since_rest":80722,"minecraft:sprint_one_cm":41626,"minecraft:damage_taken":852,"minecraft:walk_one_cm":188528,"minecraft:trigger_trapped_chest":5,"minecraft:drop":15,"minecraft:damage_dealt":88,"minecraft:fly_one_cm":124253,"minecraft:open_chest":47,"minecraft:crouch_one_cm":2355,"minecraft:play_time":91383,"minecraft:deaths":3,"minecraft:sneak_time":1380,"minecraft:jump":226,"minecraft:total_world_time":91383,"minecraft:fall_one_cm":4858},"minecraft:dropped":{"cgm:rifle":1,"minecraft:bread":64,"cgm:pistol":1,"graveyard:wraith_spawn_egg":1,"cgm:shotgun":1,"minecraft:smooth_stone_slab":1,"graveyard:corrupted_pillager_spawn_egg":1,"minecraft:lantern":1,"graveyard:lich_spawn_egg":2,"minecraft:grass_block":1,"cgm:basic_bullet":14,"graveyard:revenant_spawn_egg":1,"firstaid:plaster":1,"graveyard:bone_remains":1,"cgm:shell":17},"minecraft:picked_up":{"cgm:basic_bullet":81,"minecraft:splash_potion":1,"cgm:missile":64,"firstaid:morphine":16,"minecraft:lantern":1,"cgm:grenade":13,"cgm:shotgun":1,"cgm:mini_gun":1,"graveyard:bone_remains":1,"graveyard:corrupted_pillager_spawn_egg":1,"minecraft:mossy_stone_bricks":2,"cgm:bazooka":1,"firstaid:plaster":21,"cgm:rifle":1,"minecraft:white_bed":2,"minecraft:grass_block":1,"minecraft:redstone":1,"minecraft:trapped_chest":2,"cgm:shell":80,"cgm:pistol":1,"graveyard:purple_bone_staff":1,"minecraft:lever":1,"cgm:assault_rifle":1,"minecraft:golden_apple":2,"graveyard:revenant_spawn_egg":1,"firstaid:bandage":16},"minecraft:killed_by":{"minecraft:skeleton":1,"graveyard:revenant":1}},"DataVersion":2975}