{"stats":{"minecraft:used":{"minecraft:golden_apple":1,"cgm:pistol":25,"minecraft:bread":8,"cgm:grenade":1,"minecraft:iron_sword":18},"minecraft:killed":{"minecraft:silverfish":11,"minecraft:zombie":4,"minecraft:skeleton":1},"minecraft:custom":{"minecraft:time_since_rest":3735,"minecraft:crouch_one_cm":616,"minecraft:play_time":15963,"minecraft:sprint_one_cm":10590,"minecraft:damage_taken":740,"minecraft:walk_one_cm":43777,"minecraft:sneak_time":663,"minecraft:mob_kills":16,"minecraft:jump":103,"minecraft:leave_game":1,"minecraft:damage_dealt":644,"minecraft:time_since_death":3735,"minecraft:total_world_time":15963,"minecraft:fall_one_cm":4145,"minecraft:fly_one_cm":9191,"minecraft:deaths":1},"minecraft:picked_up":{"cgm:grenade":8,"cgm:shotgun":2,"cgm:shell":19,"minecraft:iron_chestplate":4,"cgm:pistol":4,"cgm:basic_bullet":120,"minecraft:bone":4,"minecraft:iron_door":1,"minecraft:gray_terracotta":8,"minecraft:lever":2,"walkietalkie:iron_walkietalkie":3,"firstaid:morphine":2,"minecraft:golden_apple":1,"minecraft:mossy_stone_bricks":1,"graveyard:dark_iron_bars":1,"minecraft:bread":123,"minecraft:white_bed":1,"firstaid:bandage":6,"minecraft:chest":3,"minecraft:iron_sword":4,"minecraft:splash_potion":1},"minecraft:killed_by":{"minecraft:silverfish":1}},"DataVersion":2975}