{"stats":{"minecraft:used":{"cgm:shotgun":9,"cgm:pistol":161,"minecraft:bread":20,"cgm:grenade":2,"minecraft:iron_sword":86,"minecraft:iron_boots":1,"minecraft:golden_apple":21,"minecraft:splash_potion":2},"minecraft:killed":{"minecraft:skeleton":2,"minecraft:zombie":15,"graveyard:ghoul":6,"graveyard:skeleton_creeper":1,"graveyard:reaper":1,"minecraft:zombie_villager":7,"graveyard:nightmare":1,"graveyard:revenant":2,"minecraft:silverfish":14,"minecraft:creeper":1},"minecraft:dropped":{"cgm:pistol":1,"minecraft:iron_boots":1},"minecraft:custom":{"minecraft:time_since_rest":5817,"minecraft:damage_taken":1534,"minecraft:sprint_one_cm":64201,"minecraft:walk_one_cm":164894,"minecraft:mob_kills":52,"minecraft:drop":2,"minecraft:damage_dealt":4763,"minecraft:fly_one_cm":65026,"minecraft:open_chest":22,"minecraft:crouch_one_cm":2480,"minecraft:play_time":47086,"minecraft:deaths":2,"minecraft:sneak_time":1996,"minecraft:jump":556,"minecraft:leave_game":1,"minecraft:time_since_death":5817,"minecraft:total_world_time":47086,"minecraft:fall_one_cm":7077},"minecraft:picked_up":{"minecraft:iron_chestplate":5,"cgm:basic_bullet":205,"minecraft:splash_potion":2,"minecraft:iron_door":1,"graveyard:bone_dagger":2,"walkietalkie:iron_walkietalkie":3,"minecraft:potion":3,"firstaid:morphine":2,"graveyard:dark_iron_bars":1,"minecraft:white_bed":5,"minecraft:carrot":2,"cgm:grenade":8,"cgm:shell":19,"cgm:pistol":9,"cgm:shotgun":4,"minecraft:bone":4,"minecraft:rotten_flesh":64,"graveyard:corruption":7,"minecraft:gray_terracotta":8,"minecraft:lever":2,"minecraft:iron_helmet":2,"minecraft:iron_ingot":2,"minecraft:golden_apple":28,"minecraft:bread":206,"minecraft:mossy_stone_bricks":1,"firstaid:bandage":7,"minecraft:soul_sand":1,"minecraft:chest":6,"cgm:advanced_bullet":56,"minecraft:iron_sword":5,"minecraft:iron_boots":3},"minecraft:killed_by":{"minecraft:player":1,"minecraft:silverfish":1}},"DataVersion":2975}