{"stats":{"minecraft:used":{"cgm:pistol":25,"minecraft:bread":11,"cgm:grenade":2,"minecraft:iron_sword":18,"minecraft:golden_apple":3,"minecraft:splash_potion":1},"minecraft:killed":{"minecraft:skeleton":1,"minecraft:zombie":4,"minecraft:silverfish":13},"minecraft:dropped":{"cgm:pistol":1},"minecraft:custom":{"minecraft:time_since_rest":10858,"minecraft:damage_taken":758,"minecraft:sprint_one_cm":19100,"minecraft:walk_one_cm":61639,"minecraft:mob_kills":18,"minecraft:drop":1,"minecraft:damage_dealt":644,"minecraft:fly_one_cm":21893,"minecraft:open_chest":7,"minecraft:crouch_one_cm":1019,"minecraft:play_time":23086,"minecraft:deaths":1,"minecraft:sneak_time":1032,"minecraft:jump":198,"minecraft:leave_game":1,"minecraft:time_since_death":10858,"minecraft:total_world_time":23086,"minecraft:fall_one_cm":4354},"minecraft:picked_up":{"minecraft:iron_chestplate":4,"cgm:basic_bullet":120,"minecraft:splash_potion":1,"minecraft:iron_door":1,"walkietalkie:iron_walkietalkie":3,"minecraft:potion":1,"firstaid:morphine":2,"graveyard:dark_iron_bars":1,"minecraft:white_bed":1,"cgm:grenade":8,"cgm:shell":19,"cgm:pistol":5,"cgm:shotgun":2,"minecraft:bone":4,"minecraft:gray_terracotta":8,"minecraft:lever":2,"minecraft:golden_apple":6,"minecraft:bread":146,"minecraft:mossy_stone_bricks":1,"firstaid:bandage":6,"minecraft:chest":6,"minecraft:iron_sword":4},"minecraft:killed_by":{"minecraft:silverfish":1}},"DataVersion":2975}