{"stats":{"minecraft:used":{"cgm:shotgun":8,"cgm:pistol":60,"minecraft:bread":15,"cgm:grenade":2,"minecraft:iron_sword":32,"minecraft:golden_apple":4,"minecraft:splash_potion":1},"minecraft:killed":{"minecraft:skeleton":2,"minecraft:zombie":7,"minecraft:zombie_villager":3,"minecraft:silverfish":14,"minecraft:creeper":1},"minecraft:dropped":{"cgm:pistol":1,"minecraft:iron_boots":1},"minecraft:custom":{"minecraft:time_since_rest":22858,"minecraft:damage_taken":862,"minecraft:sprint_one_cm":32457,"minecraft:walk_one_cm":101234,"minecraft:mob_kills":29,"minecraft:drop":2,"minecraft:damage_dealt":1333,"minecraft:fly_one_cm":33998,"minecraft:open_chest":20,"minecraft:crouch_one_cm":2156,"minecraft:play_time":35086,"minecraft:deaths":1,"minecraft:sneak_time":1864,"minecraft:jump":344,"minecraft:leave_game":1,"minecraft:time_since_death":22858,"minecraft:total_world_time":35086,"minecraft:fall_one_cm":6026},"minecraft:picked_up":{"minecraft:iron_chestplate":4,"cgm:basic_bullet":184,"minecraft:splash_potion":2,"minecraft:iron_door":1,"walkietalkie:iron_walkietalkie":3,"minecraft:potion":1,"firstaid:morphine":2,"graveyard:dark_iron_bars":1,"minecraft:white_bed":3,"minecraft:carrot":1,"cgm:grenade":8,"cgm:shell":19,"cgm:pistol":6,"cgm:shotgun":3,"minecraft:bone":4,"minecraft:rotten_flesh":15,"minecraft:gray_terracotta":8,"minecraft:lever":2,"minecraft:iron_helmet":1,"minecraft:golden_apple":23,"minecraft:bread":146,"minecraft:mossy_stone_bricks":1,"firstaid:bandage":6,"minecraft:chest":6,"minecraft:iron_sword":4,"minecraft:iron_boots":2},"minecraft:killed_by":{"minecraft:silverfish":1}},"DataVersion":2975}