{"stats":{"minecraft:killed":{"minecraft:skeleton":5,"minecraft:zombie":25,"graveyard:ghoul":6,"graveyard:skeleton_creeper":1,"minecraft:zombie_villager":12,"graveyard:reaper":1,"graveyard:nightmare":2,"graveyard:revenant":2,"minecraft:silverfish":14,"minecraft:creeper":2,"minecraft:phantom":2},"minecraft:used":{"minecraft:gray_terracotta":15,"cgm:shotgun":9,"cgm:pistol":280,"minecraft:bread":47,"cgm:grenade":2,"minecraft:iron_sword":101,"minecraft:iron_boots":1,"minecraft:golden_apple":25,"minecraft:potion":1,"minecraft:splash_potion":10},"minecraft:dropped":{"minecraft:iron_ingot":1,"cgm:pistol":1,"minecraft:iron_boots":1,"minecraft:carrot":1},"minecraft:custom":{"minecraft:time_since_rest":0,"minecraft:damage_taken":2642,"minecraft:sprint_one_cm":86044,"minecraft:walk_one_cm":220811,"minecraft:mob_kills":71,"minecraft:drop":4,"minecraft:damage_dealt":5211,"minecraft:fly_one_cm":90117,"minecraft:open_chest":23,"minecraft:crouch_one_cm":2793,"minecraft:play_time":63769,"minecraft:deaths":3,"minecraft:sneak_time":3089,"minecraft:jump":749,"minecraft:leave_game":3,"minecraft:time_since_death":0,"minecraft:total_world_time":63769,"minecraft:fall_one_cm":8991},"minecraft:picked_up":{"minecraft:iron_chestplate":5,"cgm:basic_bullet":285,"minecraft:splash_potion":10,"minecraft:iron_door":1,"graveyard:bone_dagger":2,"walkietalkie:iron_walkietalkie":3,"cgm:missile":118,"minecraft:potion":3,"firstaid:morphine":2,"graveyard:dark_iron_bars":1,"minecraft:white_bed":6,"minecraft:carrot":3,"minecraft:gunpowder":4,"minecraft:dirt":44,"cgm:stun_grenade":64,"minecraft:smooth_stone_slab":49,"cgm:grenade":72,"cgm:shell":83,"cgm:pistol":9,"cgm:shotgun":5,"minecraft:bone":8,"minecraft:arrow":6,"minecraft:rotten_flesh":94,"minecraft:stone_bricks":5,"graveyard:corruption":18,"minecraft:gray_terracotta":79,"minecraft:lever":2,"cgm:mini_gun":1,"minecraft:iron_helmet":2,"minecraft:iron_ingot":3,"minecraft:golden_apple":28,"minecraft:mossy_stone_bricks":1,"minecraft:bread":206,"firstaid:bandage":7,"cgm:bazooka":2,"minecraft:chest":6,"cgm:advanced_bullet":90,"minecraft:iron_sword":5,"minecraft:soul_sand":1,"minecraft:iron_boots":3},"minecraft:killed_by":{"minecraft:player":2,"minecraft:silverfish":1}},"DataVersion":2975}