{"stats":{"minecraft:killed_by":{"minecraft:zombie":1},"minecraft:picked_up":{"minecraft:feather":2,"minecraft:chicken":1,"minecraft:potato":2,"minecraft:carrot":1,"cgm:pistol":1,"minecraft:diamond_chestplate":1,"minecraft:rotten_flesh":33,"minecraft:diamond_leggings":1,"minecraft:deepslate_tiles":2,"minecraft:diamond_helmet":1,"minecraft:egg":1},"minecraft:used":{"minecraft:diamond_pickaxe":3,"minecraft:water_bucket":1,"minecraft:sea_lantern":1,"cgm:shotgun":46,"cgm:pistol":102,"minecraft:iron_sword":6,"minecraft:zombie_spawn_egg":73,"minecraft:smooth_quartz_stairs":8,"minecraft:golden_apple":4,"minecraft:soul_sand":2,"cgm:workbench":4,"minecraft:crafting_table":1,"minecraft:husk_spawn_egg":1,"cgm:mini_gun":16,"cgm:heavy_rifle":5},"minecraft:mined":{"minecraft:deepslate_tiles":2,"minecraft:glass":2},"minecraft:killed":{"minecraft:husk":1,"minecraft:zombie":26,"minecraft:bee":1,"minecraft:zombie_villager":11,"minecraft:chicken":1},"minecraft:dropped":{"minecraft:diamond_chestplate":1,"minecraft:diamond_leggings":1,"minecraft:diamond_helmet":1},"minecraft:custom":{"minecraft:time_since_rest":8548,"minecraft:walk_one_cm":95872,"minecraft:sprint_one_cm":24426,"minecraft:damage_taken":752,"minecraft:damage_absorbed":119,"minecraft:mob_kills":41,"minecraft:drop":3,"minecraft:damage_dealt":189,"minecraft:interact_with_crafting_table":1,"minecraft:fly_one_cm":127715,"minecraft:crouch_one_cm":857,"minecraft:play_time":36096,"minecraft:deaths":2,"minecraft:sneak_time":288,"minecraft:jump":378,"minecraft:leave_game":3,"minecraft:walk_on_water_one_cm":221,"minecraft:time_since_death":8456,"minecraft:climb_one_cm":4843,"minecraft:total_world_time":36096,"minecraft:fall_one_cm":3394}},"DataVersion":2975}