{"stats":{"minecraft:used":{"minecraft:smooth_quartz_stairs":8,"minecraft:sea_lantern":1,"minecraft:zombie_spawn_egg":6},"minecraft:custom":{"minecraft:jump":121,"minecraft:time_since_rest":7661,"minecraft:damage_dealt":41,"minecraft:crouch_one_cm":98,"minecraft:leave_game":2,"minecraft:play_time":10978,"minecraft:sprint_one_cm":1845,"minecraft:time_since_death":7635,"minecraft:walk_one_cm":12538,"minecraft:deaths":1,"minecraft:sneak_time":54,"minecraft:total_world_time":10978,"minecraft:fall_one_cm":418,"minecraft:fly_one_cm":23600}},"DataVersion":2975}