{"stats":{"minecraft:killed":{"minecraft:husk":1,"hordes:zombie_player":1,"minecraft:zombie_villager":16,"minecraft:zombie":39,"minecraft:bee":1,"minecraft:chicken":1,"graveyard:ghouling":1},"minecraft:used":{"minecraft:netherite_sword":33,"minecraft:water_bucket":1,"minecraft:mossy_stone_bricks":54,"minecraft:iron_bars":26,"minecraft:polished_deepslate":1,"minecraft:flint_and_steel":2,"cgm:pistol":110,"minecraft:redstone":7,"minecraft:jungle_fence":15,"cgm:stun_grenade":3,"minecraft:chest":2,"minecraft:iron_sword":6,"minecraft:zombie_spawn_egg":111,"graveyard:reaper_spawn_egg":1,"minecraft:quartz_stairs":17,"minecraft:smooth_quartz_stairs":8,"minecraft:spruce_leaves":2,"graveyard:wraith_spawn_egg":1,"minecraft:torch":1,"minecraft:golden_apple":10,"minecraft:soul_sand":2,"minecraft:dirt":23,"graveyard:skull_with_rib_cage":2,"cgm:workbench":5,"minecraft:crafting_table":5,"graveyard:nameless_hanged_spawn_egg":1,"graveyard:soul_fire_brazier":2,"minecraft:light_gray_terracotta":7,"minecraft:white_bed":5,"minecraft:sponge":1,"cgm:rifle":25,"minecraft:infested_stone_bricks":86,"graveyard:hanged_wither_skeleton":1,"minecraft:milk_bucket":2,"minecraft:gray_terracotta":52,"minecraft:lever":7,"minecraft:sea_lantern":2,"minecraft:diamond_pickaxe":3,"cgm:shotgun":57,"minecraft:lantern":15,"minecraft:grass_block":45,"graveyard:nightmare_spawn_egg":1,"cgm:grenade":2,"minecraft:quartz_block":6,"graveyard:ghoul_spawn_egg":1,"graveyard:acolyte_spawn_egg":1,"graveyard:skeleton_creeper_spawn_egg":1,"minecraft:stone_bricks":80,"minecraft:iron_door":4,"cgm:grenade_launcher":6,"graveyard:leaning_skeleton":1,"minecraft:item_frame":3,"cgm:assault_rifle":45,"minecraft:soul_lantern":4,"minecraft:potion":6,"walkietalkie:speaker":1,"graveyard:black_bone_staff":1,"minecraft:white_stained_glass_pane":2,"graveyard:lich_spawn_egg":1,"minecraft:skeleton_skull":1,"minecraft:egg":1,"minecraft:husk_spawn_egg":1,"cgm:mini_gun":298,"cgm:heavy_rifle":6,"minecraft:splash_potion":63},"minecraft:crafted":{"cgm:mini_gun":2,"cgm:rifle":3,"cgm:pistol":1},"minecraft:mined":{"minecraft:deepslate_tiles":2,"minecraft:glass":2,"minecraft:grass":1},"minecraft:custom":{"minecraft:mob_kills":68,"minecraft:interact_with_crafting_table":10,"minecraft:leave_game":9,"minecraft:time_since_death":17477,"minecraft:sleep_in_bed":1,"minecraft:climb_one_cm":8718,"minecraft:time_since_rest":17477,"minecraft:sprint_one_cm":96753,"minecraft:walk_one_cm":413020,"minecraft:damage_taken":1575,"minecraft:damage_absorbed":119,"minecraft:trigger_trapped_chest":1,"minecraft:drop":66,"minecraft:damage_dealt":1669,"minecraft:fly_one_cm":556662,"minecraft:open_chest":55,"minecraft:crouch_one_cm":2591,"minecraft:play_time":170065,"minecraft:deaths":14,"minecraft:sneak_time":1424,"minecraft:jump":1382,"minecraft:walk_on_water_one_cm":221,"minecraft:total_world_time":170065,"minecraft:fall_one_cm":15941},"minecraft:dropped":{"walkietalkie:wooden_walkietalkie":2,"cgm:rifle":4,"minecraft:bread":36,"cgm:pistol":5,"minecraft:lever":1,"minecraft:pink_dye":1,"minecraft:diamond_leggings":1,"minecraft:rotten_flesh":6,"minecraft:infested_stone_bricks":1,"minecraft:golden_apple":7,"minecraft:diamond_chestplate":1,"minecraft:potion":1,"minecraft:mossy_stone_bricks":1,"minecraft:stone_bricks":1,"walkietalkie:netherite_walkietalkie":1,"minecraft:diamond_helmet":1,"cgm:shell":19},"minecraft:picked_up":{"minecraft:iron_chestplate":1,"minecraft:feather":2,"cgm:basic_bullet":35,"minecraft:splash_potion":1,"minecraft:chicken":1,"minecraft:potato":2,"cgm:missile":1,"firstaid:morphine":14,"walkietalkie:netherite_walkietalkie":1,"minecraft:dirt":19,"minecraft:flint_and_steel":1,"cgm:grenade":61,"minecraft:smooth_stone_slab":1,"cgm:grenade_launcher":1,"minecraft:bone":1,"graveyard:black_bone_staff":1,"minecraft:wheat_seeds":1,"minecraft:deepslate_tiles":2,"minecraft:diamond_leggings":1,"minecraft:netherite_sword":1,"cgm:mini_gun":1,"minecraft:iron_ingot":50,"minecraft:mossy_stone_bricks":1,"minecraft:diamond_helmet":1,"minecraft:quartz_stairs":1,"minecraft:iron_sword":1,"minecraft:egg":3,"walkietalkie:wooden_walkietalkie":2,"graveyard:fire_brazier":1,"cgm:rifle":3,"minecraft:torch":2,"minecraft:white_bed":1,"minecraft:carrot":1,"minecraft:quartz_block":1,"minecraft:zombie_spawn_egg":1,"graveyard:lich_spawn_egg":1,"cgm:pistol":7,"cgm:shell":193,"minecraft:infested_stone_bricks":1,"minecraft:rotten_flesh":54,"minecraft:diamond_chestplate":1,"minecraft:lever":1,"minecraft:golden_apple":61,"minecraft:bread":2,"minecraft:cyan_dye":1,"firstaid:bandage":8,"minecraft:iron_bars":1},"minecraft:killed_by":{"graveyard:ghoul":2,"minecraft:zombie":1,"graveyard:lich":1,"hordes:zombie_player":1}},"DataVersion":2975}