{"stats":{"minecraft:crafted":{"cgm:mini_gun":2},"minecraft:dropped":{"walkietalkie:wooden_walkietalkie":2,"minecraft:diamond_chestplate":1,"minecraft:pink_dye":1,"minecraft:diamond_leggings":1,"minecraft:diamond_helmet":1,"minecraft:rotten_flesh":6},"minecraft:used":{"minecraft:netherite_sword":5,"minecraft:diamond_pickaxe":3,"minecraft:water_bucket":1,"minecraft:sea_lantern":1,"cgm:shotgun":57,"cgm:pistol":108,"minecraft:grass_block":24,"cgm:grenade":2,"cgm:stun_grenade":3,"minecraft:iron_sword":6,"minecraft:zombie_spawn_egg":92,"cgm:assault_rifle":45,"minecraft:smooth_quartz_stairs":8,"minecraft:golden_apple":4,"minecraft:soul_sand":2,"minecraft:dirt":23,"cgm:workbench":5,"walkietalkie:speaker":1,"minecraft:crafting_table":2,"graveyard:black_bone_staff":1,"minecraft:white_bed":1,"graveyard:lich_spawn_egg":1,"minecraft:husk_spawn_egg":1,"minecraft:egg":1,"cgm:mini_gun":84,"cgm:heavy_rifle":6,"minecraft:milk_bucket":1},"minecraft:mined":{"minecraft:deepslate_tiles":2,"minecraft:glass":2},"minecraft:picked_up":{"walkietalkie:wooden_walkietalkie":2,"minecraft:feather":2,"minecraft:chicken":1,"minecraft:potato":2,"minecraft:carrot":1,"minecraft:dirt":19,"graveyard:lich_spawn_egg":1,"cgm:pistol":2,"minecraft:diamond_chestplate":1,"minecraft:rotten_flesh":46,"graveyard:black_bone_staff":1,"minecraft:wheat_seeds":1,"minecraft:deepslate_tiles":2,"minecraft:diamond_leggings":1,"minecraft:iron_ingot":50,"minecraft:cyan_dye":1,"minecraft:diamond_helmet":1,"minecraft:egg":3},"minecraft:killed_by":{"graveyard:lich":1,"hordes:zombie_player":1,"graveyard:ghoul":2,"minecraft:zombie":1},"minecraft:killed":{"minecraft:husk":1,"minecraft:zombie":38,"minecraft:bee":1,"hordes:zombie_player":1,"minecraft:chicken":1,"minecraft:zombie_villager":15,"graveyard:ghouling":1},"minecraft:custom":{"minecraft:damage_absorbed":119,"minecraft:sprint_one_cm":37748,"minecraft:damage_taken":1126,"minecraft:walk_one_cm":167432,"minecraft:mob_kills":59,"minecraft:drop":7,"minecraft:damage_dealt":900,"minecraft:interact_with_crafting_table":4,"minecraft:fly_one_cm":181570,"minecraft:crouch_one_cm":1045,"minecraft:play_time":67843,"minecraft:deaths":9,"minecraft:sneak_time":376,"minecraft:jump":653,"minecraft:leave_game":6,"minecraft:time_since_death":1926,"minecraft:walk_on_water_one_cm":221,"minecraft:sleep_in_bed":1,"minecraft:total_world_time":67843,"minecraft:climb_one_cm":4843,"minecraft:fall_one_cm":6068,"minecraft:time_since_rest":911}},"DataVersion":2975}