{"stats":{"minecraft:dropped":{"minecraft:diamond_chestplate":1,"minecraft:diamond_leggings":1,"minecraft:diamond_helmet":1},"minecraft:used":{"minecraft:netherite_sword":5,"minecraft:water_bucket":1,"minecraft:diamond_pickaxe":3,"minecraft:sea_lantern":1,"cgm:shotgun":46,"cgm:pistol":102,"minecraft:iron_sword":6,"minecraft:zombie_spawn_egg":84,"minecraft:smooth_quartz_stairs":8,"minecraft:golden_apple":4,"minecraft:soul_sand":2,"cgm:workbench":4,"minecraft:crafting_table":1,"graveyard:black_bone_staff":1,"graveyard:lich_spawn_egg":1,"minecraft:egg":1,"minecraft:husk_spawn_egg":1,"cgm:mini_gun":16,"cgm:heavy_rifle":5},"minecraft:mined":{"minecraft:deepslate_tiles":2,"minecraft:glass":2},"minecraft:picked_up":{"minecraft:feather":2,"minecraft:chicken":1,"minecraft:potato":2,"minecraft:carrot":1,"graveyard:lich_spawn_egg":1,"cgm:pistol":2,"minecraft:rotten_flesh":33,"minecraft:diamond_chestplate":1,"graveyard:black_bone_staff":1,"minecraft:diamond_leggings":1,"minecraft:deepslate_tiles":2,"minecraft:iron_ingot":50,"minecraft:cyan_dye":1,"minecraft:diamond_helmet":1,"minecraft:egg":3},"minecraft:killed_by":{"graveyard:lich":1,"minecraft:zombie":1},"minecraft:killed":{"minecraft:husk":1,"minecraft:zombie":26,"minecraft:bee":1,"minecraft:zombie_villager":11,"minecraft:chicken":1,"graveyard:ghouling":1},"minecraft:custom":{"minecraft:time_since_rest":11819,"minecraft:walk_one_cm":105303,"minecraft:sprint_one_cm":30033,"minecraft:damage_taken":996,"minecraft:damage_absorbed":119,"minecraft:mob_kills":42,"minecraft:drop":3,"minecraft:damage_dealt":705,"minecraft:interact_with_crafting_table":1,"minecraft:fly_one_cm":146964,"minecraft:crouch_one_cm":1045,"minecraft:play_time":48916,"minecraft:deaths":4,"minecraft:sneak_time":360,"minecraft:jump":441,"minecraft:leave_game":4,"minecraft:walk_on_water_one_cm":221,"minecraft:time_since_death":11795,"minecraft:climb_one_cm":4843,"minecraft:total_world_time":48916,"minecraft:fall_one_cm":4205}},"DataVersion":2975}