{"stats":{"minecraft:killed":{"minecraft:zombie":24,"minecraft:zombie_villager":10,"minecraft:chicken":1},"minecraft:mined":{"minecraft:deepslate_tiles":2,"minecraft:glass":2},"minecraft:used":{"minecraft:water_bucket":1,"minecraft:sea_lantern":1,"minecraft:diamond_pickaxe":3,"cgm:shotgun":46,"cgm:pistol":60,"minecraft:zombie_spawn_egg":70,"minecraft:iron_sword":6,"minecraft:smooth_quartz_stairs":8,"minecraft:golden_apple":4,"minecraft:crafting_table":1,"cgm:mini_gun":16,"cgm:heavy_rifle":5},"minecraft:custom":{"minecraft:time_since_rest":140,"minecraft:walk_one_cm":85053,"minecraft:sprint_one_cm":16830,"minecraft:damage_taken":632,"minecraft:damage_absorbed":119,"minecraft:mob_kills":36,"minecraft:drop":3,"minecraft:damage_dealt":189,"minecraft:interact_with_crafting_table":1,"minecraft:fly_one_cm":58243,"minecraft:crouch_one_cm":768,"minecraft:play_time":27688,"minecraft:deaths":2,"minecraft:sneak_time":260,"minecraft:jump":284,"minecraft:leave_game":3,"minecraft:time_since_death":48,"minecraft:walk_on_water_one_cm":221,"minecraft:total_world_time":27688,"minecraft:climb_one_cm":4843,"minecraft:fall_one_cm":3394},"minecraft:dropped":{"minecraft:diamond_chestplate":1,"minecraft:diamond_leggings":1,"minecraft:diamond_helmet":1},"minecraft:picked_up":{"minecraft:feather":2,"minecraft:chicken":1,"minecraft:potato":1,"minecraft:carrot":1,"minecraft:rotten_flesh":29,"minecraft:diamond_chestplate":1,"minecraft:diamond_leggings":1,"minecraft:deepslate_tiles":2,"minecraft:diamond_helmet":1},"minecraft:killed_by":{"minecraft:zombie":1}},"DataVersion":2975}