{"stats":{"minecraft:crafted":{"cgm:mini_gun":2},"minecraft:dropped":{"walkietalkie:wooden_walkietalkie":2,"minecraft:pink_dye":1,"minecraft:diamond_leggings":1,"minecraft:rotten_flesh":6,"minecraft:diamond_chestplate":1,"walkietalkie:netherite_walkietalkie":1,"minecraft:diamond_helmet":1},"minecraft:used":{"minecraft:mossy_stone_bricks":17,"minecraft:water_bucket":1,"minecraft:netherite_sword":10,"minecraft:iron_bars":14,"minecraft:polished_deepslate":1,"cgm:pistol":108,"cgm:stun_grenade":3,"minecraft:iron_sword":6,"minecraft:zombie_spawn_egg":93,"minecraft:quartz_stairs":9,"minecraft:smooth_quartz_stairs":8,"minecraft:golden_apple":8,"minecraft:dirt":23,"minecraft:soul_sand":2,"cgm:workbench":5,"minecraft:crafting_table":3,"minecraft:light_gray_terracotta":7,"minecraft:white_bed":5,"minecraft:infested_stone_bricks":20,"minecraft:milk_bucket":1,"minecraft:gray_terracotta":12,"minecraft:lever":3,"minecraft:sea_lantern":2,"minecraft:diamond_pickaxe":3,"cgm:shotgun":57,"minecraft:grass_block":24,"cgm:grenade":2,"minecraft:iron_door":1,"cgm:assault_rifle":45,"minecraft:soul_lantern":2,"walkietalkie:speaker":1,"graveyard:black_bone_staff":1,"minecraft:white_stained_glass_pane":2,"graveyard:lich_spawn_egg":1,"minecraft:egg":1,"minecraft:husk_spawn_egg":1,"cgm:mini_gun":84,"cgm:heavy_rifle":6,"minecraft:splash_potion":14},"minecraft:mined":{"minecraft:deepslate_tiles":2,"minecraft:glass":2,"minecraft:grass":1},"minecraft:killed_by":{"graveyard:ghoul":2,"minecraft:zombie":1,"graveyard:lich":1,"hordes:zombie_player":1},"minecraft:picked_up":{"minecraft:feather":2,"minecraft:chicken":1,"minecraft:potato":2,"walkietalkie:netherite_walkietalkie":1,"minecraft:dirt":19,"graveyard:black_bone_staff":1,"minecraft:diamond_leggings":1,"minecraft:deepslate_tiles":2,"minecraft:wheat_seeds":1,"minecraft:iron_ingot":50,"minecraft:diamond_helmet":1,"minecraft:egg":3,"walkietalkie:wooden_walkietalkie":2,"minecraft:white_bed":1,"minecraft:carrot":1,"graveyard:lich_spawn_egg":1,"cgm:pistol":2,"minecraft:rotten_flesh":47,"minecraft:diamond_chestplate":1,"minecraft:cyan_dye":1},"minecraft:killed":{"minecraft:husk":1,"hordes:zombie_player":1,"minecraft:zombie_villager":15,"minecraft:zombie":39,"minecraft:bee":1,"minecraft:chicken":1,"graveyard:ghouling":1},"minecraft:custom":{"minecraft:mob_kills":60,"minecraft:interact_with_crafting_table":5,"minecraft:leave_game":7,"minecraft:time_since_death":17461,"minecraft:sleep_in_bed":1,"minecraft:climb_one_cm":6025,"minecraft:time_since_rest":17461,"minecraft:sprint_one_cm":51570,"minecraft:walk_one_cm":231767,"minecraft:damage_taken":1146,"minecraft:damage_absorbed":119,"minecraft:trigger_trapped_chest":1,"minecraft:drop":8,"minecraft:damage_dealt":1109,"minecraft:fly_one_cm":287141,"minecraft:crouch_one_cm":1288,"minecraft:play_time":89212,"minecraft:deaths":11,"minecraft:sneak_time":555,"minecraft:jump":825,"minecraft:walk_on_water_one_cm":221,"minecraft:total_world_time":89212,"minecraft:fall_one_cm":8134}},"DataVersion":2975}