{"stats":{"minecraft:crafted":{"cgm:mini_gun":2},"minecraft:dropped":{"walkietalkie:wooden_walkietalkie":2,"minecraft:pink_dye":1,"minecraft:diamond_leggings":1,"minecraft:rotten_flesh":6,"minecraft:golden_apple":2,"minecraft:diamond_chestplate":1,"walkietalkie:netherite_walkietalkie":1,"minecraft:diamond_helmet":1},"minecraft:used":{"minecraft:mossy_stone_bricks":49,"minecraft:water_bucket":1,"minecraft:netherite_sword":15,"minecraft:iron_bars":24,"minecraft:polished_deepslate":1,"cgm:pistol":108,"minecraft:jungle_fence":15,"cgm:stun_grenade":3,"minecraft:iron_sword":6,"minecraft:zombie_spawn_egg":98,"minecraft:quartz_stairs":17,"minecraft:smooth_quartz_stairs":8,"minecraft:torch":1,"minecraft:golden_apple":9,"graveyard:skull_with_rib_cage":2,"minecraft:dirt":23,"minecraft:soul_sand":2,"cgm:workbench":5,"minecraft:crafting_table":3,"minecraft:light_gray_terracotta":7,"minecraft:white_bed":5,"minecraft:sponge":1,"minecraft:infested_stone_bricks":85,"graveyard:hanged_wither_skeleton":1,"minecraft:milk_bucket":1,"minecraft:gray_terracotta":37,"minecraft:lever":5,"minecraft:sea_lantern":2,"minecraft:diamond_pickaxe":3,"cgm:shotgun":57,"minecraft:lantern":15,"minecraft:grass_block":39,"minecraft:quartz_block":6,"cgm:grenade":2,"minecraft:iron_door":4,"cgm:assault_rifle":45,"minecraft:item_frame":3,"graveyard:leaning_skeleton":1,"minecraft:soul_lantern":4,"walkietalkie:speaker":1,"graveyard:black_bone_staff":1,"minecraft:white_stained_glass_pane":2,"graveyard:lich_spawn_egg":1,"minecraft:skeleton_skull":1,"minecraft:egg":1,"minecraft:husk_spawn_egg":1,"cgm:mini_gun":84,"cgm:heavy_rifle":6,"minecraft:splash_potion":19},"minecraft:mined":{"minecraft:deepslate_tiles":2,"minecraft:glass":2,"minecraft:grass":1},"minecraft:killed_by":{"graveyard:ghoul":2,"minecraft:zombie":1,"graveyard:lich":1,"hordes:zombie_player":1},"minecraft:picked_up":{"minecraft:feather":2,"minecraft:chicken":1,"minecraft:potato":2,"walkietalkie:netherite_walkietalkie":1,"minecraft:dirt":19,"graveyard:black_bone_staff":1,"minecraft:diamond_leggings":1,"minecraft:deepslate_tiles":2,"minecraft:wheat_seeds":1,"minecraft:iron_ingot":50,"minecraft:diamond_helmet":1,"minecraft:egg":3,"walkietalkie:wooden_walkietalkie":2,"minecraft:torch":1,"minecraft:white_bed":1,"minecraft:carrot":1,"graveyard:lich_spawn_egg":1,"cgm:pistol":2,"minecraft:rotten_flesh":53,"minecraft:diamond_chestplate":1,"minecraft:cyan_dye":1},"minecraft:killed":{"minecraft:husk":1,"hordes:zombie_player":1,"minecraft:zombie_villager":16,"minecraft:zombie":39,"minecraft:bee":1,"minecraft:chicken":1,"graveyard:ghouling":1},"minecraft:custom":{"minecraft:mob_kills":61,"minecraft:interact_with_crafting_table":5,"minecraft:leave_game":7,"minecraft:time_since_death":41461,"minecraft:sleep_in_bed":1,"minecraft:climb_one_cm":6177,"minecraft:time_since_rest":41461,"minecraft:sprint_one_cm":69018,"minecraft:walk_one_cm":301310,"minecraft:damage_taken":1245,"minecraft:damage_absorbed":119,"minecraft:trigger_trapped_chest":1,"minecraft:drop":10,"minecraft:damage_dealt":1325,"minecraft:fly_one_cm":333905,"minecraft:open_chest":46,"minecraft:crouch_one_cm":2172,"minecraft:play_time":113212,"minecraft:deaths":11,"minecraft:sneak_time":827,"minecraft:jump":962,"minecraft:walk_on_water_one_cm":221,"minecraft:total_world_time":113212,"minecraft:fall_one_cm":8134}},"DataVersion":2975}