{"stats":{"minecraft:used":{"cgm:shotgun":16,"cgm:pistol":147,"minecraft:bread":13,"minecraft:iron_sword":36,"minecraft:iron_boots":2,"minecraft:iron_chestplate":1,"minecraft:golden_apple":23,"minecraft:splash_potion":5},"minecraft:killed":{"minecraft:skeleton":1,"graveyard:acolyte":3,"minecraft:zombie":14,"graveyard:ghoul":3,"minecraft:zombie_villager":5,"graveyard:reaper":1,"graveyard:nightmare":2,"graveyard:revenant":1,"minecraft:silverfish":2,"minecraft:phantom":2},"minecraft:dropped":{"minecraft:rotten_flesh":1},"minecraft:custom":{"minecraft:time_since_rest":0,"minecraft:walk_one_cm":158580,"minecraft:sprint_one_cm":21738,"minecraft:damage_taken":1641,"minecraft:trigger_trapped_chest":1,"minecraft:mob_kills":34,"minecraft:drop":1,"minecraft:damage_dealt":2044,"minecraft:fly_one_cm":10094,"minecraft:player_kills":1,"minecraft:open_chest":6,"minecraft:crouch_one_cm":276,"minecraft:play_time":30894,"minecraft:deaths":2,"minecraft:sneak_time":65,"minecraft:jump":54,"minecraft:leave_game":1,"minecraft:time_since_death":0,"minecraft:total_world_time":30894,"minecraft:fall_one_cm":2412},"minecraft:picked_up":{"minecraft:iron_chestplate":2,"cgm:basic_bullet":60,"minecraft:splash_potion":14,"firstaid:morphine":2,"minecraft:cobblestone_wall":7,"minecraft:white_bed":2,"minecraft:quartz_block":16,"minecraft:smooth_stone_slab":16,"cgm:grenade":4,"cgm:shell":126,"cgm:pistol":2,"cgm:shotgun":3,"minecraft:bone":8,"minecraft:rotten_flesh":21,"graveyard:corruption":12,"minecraft:bow":1,"minecraft:gray_terracotta":2,"minecraft:golden_apple":36,"minecraft:bread":26,"firstaid:bandage":37,"minecraft:quartz_stairs":16,"cgm:advanced_bullet":34,"minecraft:iron_sword":2,"minecraft:iron_boots":3},"minecraft:killed_by":{"graveyard:nightmare":1,"minecraft:skeleton":1}},"DataVersion":2975}