{"stats":{"minecraft:killed":{"minecraft:zombie":2,"minecraft:silverfish":2,"minecraft:phantom":1},"minecraft:used":{"minecraft:golden_apple":1,"cgm:pistol":23,"minecraft:iron_boots":1},"minecraft:custom":{"minecraft:time_since_rest":11116,"minecraft:open_chest":5,"minecraft:play_time":11116,"minecraft:sprint_one_cm":5916,"minecraft:damage_taken":184,"minecraft:walk_one_cm":37612,"minecraft:sneak_time":2,"minecraft:mob_kills":6,"minecraft:jump":33,"minecraft:time_since_death":11116,"minecraft:total_world_time":11116,"minecraft:fall_one_cm":1047,"minecraft:fly_one_cm":5478},"minecraft:picked_up":{"cgm:grenade":2,"minecraft:splash_potion":5,"cgm:shell":64,"minecraft:iron_chestplate":1,"cgm:pistol":1,"cgm:shotgun":1,"cgm:basic_bullet":30,"minecraft:gray_terracotta":1,"firstaid:morphine":1,"minecraft:golden_apple":18,"firstaid:bandage":21,"minecraft:white_bed":1,"minecraft:iron_sword":1,"minecraft:iron_boots":1}},"DataVersion":2975}