{"stats":{"minecraft:used":{"cgm:shotgun":16,"cgm:pistol":147,"minecraft:bread":6,"minecraft:iron_sword":15,"minecraft:iron_boots":2,"minecraft:iron_chestplate":1,"minecraft:golden_apple":19,"minecraft:splash_potion":4},"minecraft:killed":{"minecraft:skeleton":1,"graveyard:acolyte":3,"minecraft:zombie":12,"graveyard:ghoul":3,"minecraft:zombie_villager":3,"graveyard:reaper":1,"graveyard:nightmare":2,"graveyard:revenant":1,"minecraft:silverfish":2,"minecraft:phantom":2},"minecraft:dropped":{"minecraft:rotten_flesh":1},"minecraft:custom":{"minecraft:time_since_rest":6844,"minecraft:walk_one_cm":121815,"minecraft:sprint_one_cm":12841,"minecraft:damage_taken":1050,"minecraft:mob_kills":30,"minecraft:drop":1,"minecraft:damage_dealt":978,"minecraft:fly_one_cm":8882,"minecraft:player_kills":1,"minecraft:open_chest":6,"minecraft:crouch_one_cm":220,"minecraft:play_time":23116,"minecraft:deaths":1,"minecraft:sneak_time":33,"minecraft:jump":46,"minecraft:time_since_death":6844,"minecraft:total_world_time":23116,"minecraft:fall_one_cm":1717},"minecraft:picked_up":{"minecraft:iron_chestplate":2,"cgm:basic_bullet":60,"minecraft:splash_potion":7,"firstaid:morphine":2,"minecraft:white_bed":2,"cgm:grenade":4,"cgm:shell":126,"cgm:pistol":2,"cgm:shotgun":3,"minecraft:bone":8,"minecraft:rotten_flesh":12,"graveyard:corruption":12,"minecraft:bow":1,"minecraft:gray_terracotta":2,"minecraft:golden_apple":32,"minecraft:bread":6,"firstaid:bandage":37,"cgm:advanced_bullet":34,"minecraft:iron_sword":2,"minecraft:iron_boots":2},"minecraft:killed_by":{"graveyard:nightmare":1}},"DataVersion":2975}