{"stats":{"minecraft:killed":{"minecraft:zombie":1,"minecraft:zombie_villager":2},"minecraft:used":{"minecraft:cyan_terracotta":2,"graveyard:small_gray_urn":4,"minecraft:lantern":1,"graveyard:creeper_skeleton":1,"cgm:pistol":6,"graveyard:lying_wither_skeleton":5,"minecraft:chest":7,"graveyard:skeleton_creeper_spawn_egg":12,"minecraft:stone":2,"graveyard:reaper_spawn_egg":8,"cgm:assault_rifle":7,"cgm:grenade_launcher":11,"graveyard:soul_fire_brazier":1,"cgm:rifle":20},"minecraft:dropped":{"minecraft:rotten_flesh":2,"firstaid:plaster":1,"graveyard:lying_wither_skeleton":1,"cgm:shell":32},"minecraft:custom":{"minecraft:time_since_rest":27470,"minecraft:interact_with_furnace":2,"minecraft:sprint_one_cm":29319,"minecraft:walk_one_cm":50776,"minecraft:mob_kills":3,"minecraft:drop":5,"minecraft:damage_dealt":43,"minecraft:fly_one_cm":64129,"minecraft:open_barrel":8,"minecraft:open_chest":30,"minecraft:crouch_one_cm":255,"minecraft:play_time":27470,"minecraft:sneak_time":371,"minecraft:jump":85,"minecraft:leave_game":4,"minecraft:time_since_death":27470,"minecraft:climb_one_cm":1272,"minecraft:total_world_time":27470,"minecraft:fall_one_cm":211},"minecraft:picked_up":{"firstaid:plaster":5,"cgm:rifle":1,"graveyard:dark_iron_ingot":38,"firstaid:morphine":2,"minecraft:lantern":1,"cgm:shotgun":2,"graveyard:soul_fire_brazier":1,"minecraft:rotten_flesh":2,"firstaid:bandage":11,"cgm:advanced_bullet":22}},"DataVersion":2975}