{"stats":{"minecraft:dropped":{"firstaid:plaster":1},"minecraft:used":{"cgm:grenade_launcher":11,"cgm:pistol":6,"minecraft:chest":1,"cgm:rifle":8},"minecraft:picked_up":{"firstaid:plaster":2,"minecraft:rotten_flesh":2},"minecraft:killed":{"minecraft:zombie":1,"minecraft:zombie_villager":2},"minecraft:custom":{"minecraft:open_chest":20,"minecraft:time_since_rest":14690,"minecraft:crouch_one_cm":43,"minecraft:sprint_one_cm":18304,"minecraft:play_time":14690,"minecraft:walk_one_cm":27443,"minecraft:sneak_time":147,"minecraft:mob_kills":3,"minecraft:drop":1,"minecraft:jump":65,"minecraft:damage_dealt":2,"minecraft:leave_game":1,"minecraft:time_since_death":14690,"minecraft:climb_one_cm":968,"minecraft:total_world_time":14690,"minecraft:fall_one_cm":211,"minecraft:fly_one_cm":34693}},"DataVersion":2975}