{
  "walkietalkie:walkietalkie/wooden_walkietalkie": {
    "criteria": {
      "requirement": "2024-11-03 20:30:52 +0000"
    },
    "done": true
  },
  "minecraft:recipes/decorations/light_gray_glazed_terracotta": {
    "criteria": {
      "has_light_gray_terracotta": "2024-11-03 20:28:38 +0000"
    },
    "done": true
  },
  "walkietalkie:walkietalkie/root": {
    "criteria": {
      "requirement": "2024-11-03 20:30:52 +0000"
    },
    "done": true
  },
  "minecraft:adventure/root": {
    "criteria": {
      "killed_by_something": "2024-11-03 20:20:15 +0000"
    },
    "done": true
  },
  "minecraft:adventure/adventuring_time": {
    "criteria": {
      "minecraft:sunflower_plains": "2024-11-03 20:20:13 +0000",
      "minecraft:plains": "2024-11-03 20:18:48 +0000"
    },
    "done": false
  },
  "DataVersion": 2975
}